{
  "version": 2,
  "fly": false,
  "invulnerable": false,
  "jailOnNextLogin": false,
  "isFrozen": false,
  "lastKnownName": "Jacen_PVP",
  "lastLogin": 1580638591953,
  "lastLogout": 1580638748897,
  "lastIP": "/114.229.36.243",
  "firstJoin": 1580632728999,
  "startedFirstJoin": false,
  "vanish": false,
  "lastLocation": {
    "x": -2.7565065180143384,
    "y": 4.0625,
    "z": 11.091717139815533,
    "rotx": 0.0,
    "roty": 0.0,
    "rotz": 0.0,
    "world": "a2699eeb-83d4-45e5-8d23-608f5722089d"
  },
  "homes": {
    "home": {
      "x": 5979.294864005546,
      "y": 69,
      "z": 24988.098601469213,
      "rotx": 19.04981803894043,
      "roty": 59.23240280151367,
      "rotz": 0,
      "world": "9b136376-e8fd-4b99-b8ee-43309e392cd1"
    }
  },
  "notes": [],
  "mail": [],
  "kitLastUsedTime": {},
  "warnings": [],
  "ignoreList": []
}
