{
  "version": 2,
  "fly": false,
  "isFrozen": false,
  "vanish": false,
  "invulnerable": false,
  "lastKnownName": "litter_white",
  "lastLogin": 1579410360856,
  "lastLogout": 1579423275154,
  "lastIP": "/171.34.197.117",
  "firstJoin": 1577883657570,
  "startedFirstJoin": false,
  "jailOnNextLogin": false,
  "lastLocation": {
    "x": -25551.036373591334,
    "y": 162.75,
    "z": 24930.25831813874,
    "rotx": 0.0,
    "roty": 0.0,
    "rotz": 0.0,
    "world": "9b136376-e8fd-4b99-b8ee-43309e392cd1"
  },
  "homes": {
    "zw": {
      "x": -25549.585153512904,
      "y": 162.0,
      "z": 24930.423310579576,
      "rotx": 56.24996566772461,
      "roty": 85.0438232421875,
      "rotz": 0.0,
      "world": "9b136376-e8fd-4b99-b8ee-43309e392cd1"
    },
    "dy": {
      "x": -3728.4589354089117,
      "y": 60.0,
      "z": 3191.300000011921,
      "rotx": 25.199951171875,
      "roty": -295.9170837402344,
      "rotz": 0.0,
      "world": "7ef8bfd7-8256-45e4-a271-02d0f5797d25"
    },
    "zw2": {
      "x": -25549.792712551112,
      "y": 205.0,
      "z": 24930.049588341495,
      "rotx": 46.64984893798828,
      "roty": 12.89349365234375,
      "rotz": 0.0,
      "world": "9b136376-e8fd-4b99-b8ee-43309e392cd1"
    },
    "hous": {
      "x": -25528.195384164912,
      "y": 64.0,
      "z": 24907.227235821083,
      "rotx": 38.699951171875,
      "roty": 17.550048828125,
      "rotz": 0.0,
      "world": "9b136376-e8fd-4b99-b8ee-43309e392cd1"
    },
    "home": {
      "x": -25522.944789624635,
      "y": 64.0,
      "z": 24900.56050036559,
      "rotx": 40.3599853515625,
      "roty": 172.165771484375,
      "rotz": 0.0,
      "world": "9b136376-e8fd-4b99-b8ee-43309e392cd1"
    }
  },
  "ignoreList": [],
  "warnings": [],
  "notes": [],
  "mail": []
}
