{
  "version": 2,
  "vanish": false,
  "lastKnownName": "Engong",
  "lastLocation": {
    "x": -717.6051474010364,
    "y": 35.0,
    "z": -513.8655133252786,
    "rotx": 0.0,
    "roty": 0.0,
    "rotz": 0.0,
    "world": "2aed1e60-abbd-4550-8f0a-8842abdb1c8f"
  },
  "lastLogin": 1580440667318,
  "lastLogout": 1580442398858,
  "lastIP": "/113.65.193.64",
  "firstJoin": 1579077905936,
  "startedFirstJoin": false,
  "jailOnNextLogin": false,
  "invulnerable": false,
  "fly": false,
  "isFrozen": false,
  "homes": {
    "home": {
      "x": -25555.072352938252,
      "y": 64,
      "z": 24875.822869683765,
      "rotx": -5.172990322113037,
      "roty": 357.67120361328125,
      "rotz": 0,
      "world": "9b136376-e8fd-4b99-b8ee-43309e392cd1"
    }
  }
}
