{
  "version": 2,
  "fly": false,
  "isFrozen": false,
  "vanish": false,
  "invulnerable": false,
  "lastKnownName": "YanShuQi",
  "lastLogin": 1580638521362,
  "lastLogout": 1580636292042,
  "lastIP": "/119.125.20.195",
  "firstJoin": 1580626144898,
  "startedFirstJoin": false,
  "jailOnNextLogin": false,
  "lastLocation": {
    "x": -15.73090916393615,
    "y": 5.764072621068387,
    "z": 1.7415456705195174,
    "rotx": 0.0,
    "roty": 0.0,
    "rotz": 0.0,
    "world": "a2699eeb-83d4-45e5-8d23-608f5722089d"
  },
  "tptoggle": true,
  "kitLastUsedTime": {},
  "warnings": [],
  "notes": [],
  "mail": [],
  "ignoreList": []
}
