{
  "version": 2,
  "vanish": false,
  "invulnerable": false,
  "jailOnNextLogin": false,
  "isFrozen": false,
  "lastKnownName": "shixiaobinya",
  "lastLocation": {
    "x": -255.16714369361594,
    "y": 83.0,
    "z": 765.5667977198432,
    "rotx": 0.0,
    "roty": 0.0,
    "rotz": 0.0,
    "world": "a2699eeb-83d4-45e5-8d23-608f5722089d"
  },
  "lastLogin": 1580638419119,
  "lastLogout": 1580640439645,
  "lastIP": "/123.122.34.131",
  "firstJoin": 1580632469649,
  "startedFirstJoin": false,
  "fly": false,
  "homes": {
    "home": {
      "world": "c1d15ea5-7d16-42ff-9562-a0f20f693fa2",
      "rotx": 72.29995727539062,
      "rotz": 0.0,
      "roty": 272.10546875,
      "x": 511.4041800796276,
      "y": 71.0,
      "z": 511.508781422881
    },
    "jia": {
      "world": "9b136376-e8fd-4b99-b8ee-43309e392cd1",
      "rotx": 72.44994354248047,
      "rotz": 0.0,
      "roty": 88.35131072998047,
      "x": 806.6304207199539,
      "y": 66.0,
      "z": 802.4731788065396
    },
    "muse": {
      "world": "2aed1e60-abbd-4550-8f0a-8842abdb1c8f",
      "rotx": -0.44993650913238525,
      "rotz": 0.0,
      "roty": 205.3275604248047,
      "x": 265.70311684727733,
      "y": 47.0,
      "z": -194.62773206033586
    },
    "dy": {
      "world": "7ef8bfd7-8256-45e4-a271-02d0f5797d25",
      "rotx": 22.94986343383789,
      "rotz": 0.0,
      "roty": 89.78025817871094,
      "x": -79.30038523179246,
      "y": 60.0,
      "z": 395.837719858091
    },
    "md": {
      "world": "9b136376-e8fd-4b99-b8ee-43309e392cd1",
      "rotx": 42.14997482299805,
      "rotz": 0.0,
      "roty": -270.47064208984375,
      "x": 6768.682292641348,
      "y": 41.0,
      "z": 3391.393791254784
    },
    "wk": {
      "world": "9b136376-e8fd-4b99-b8ee-43309e392cd1",
      "rotx": 42.89997100830078,
      "rotz": 0.0,
      "roty": 355.3482666015625,
      "x": -632.5224853305226,
      "y": 11.0,
      "z": -701.6881301850688
    },
    "yq": {
      "world": "463d5712-4751-407c-974c-edc938316334",
      "rotx": 46.64998245239258,
      "rotz": 0.0,
      "roty": 77.59422302246094,
      "x": 848.5,
      "y": 67.0,
      "z": 787.5
    }
  },
  "kitLastUsedTime": {},
  "warnings": [],
  "notes": [],
  "mail": [],
  "ignoreList": [],
  "tptoggle": true
}
