{
  "version": 2,
  "vanish": false,
  "invulnerable": false,
  "jailOnNextLogin": false,
  "isFrozen": false,
  "lastKnownName": "Cropenfe",
  "lastLogin": 1580441731994,
  "lastLogout": 1580442357797,
  "lastIP": "/113.65.193.64",
  "firstJoin": 1577887052877,
  "startedFirstJoin": false,
  "fly": false,
  "lastLocation": {
    "x": -688.9369466771448,
    "y": 38.0,
    "z": -637.0323144354018,
    "rotx": 0.0,
    "roty": 0.0,
    "rotz": 0.0,
    "world": "2aed1e60-abbd-4550-8f0a-8842abdb1c8f"
  },
  "homes": {
    "h1": {
      "x": -25546.968338794675,
      "y": 64,
      "z": 24862.680373141655,
      "rotx": 15.787530899047852,
      "roty": -296.8150939941406,
      "rotz": 0,
      "world": "9b136376-e8fd-4b99-b8ee-43309e392cd1"
    },
    "h2": {
      "x": -14056.699999988079,
      "y": 71,
      "z": 22740.36192634933,
      "rotx": 16.75294303894043,
      "roty": 100.46693420410156,
      "rotz": 0,
      "world": "9b136376-e8fd-4b99-b8ee-43309e392cd1"
    },
    "home": {
      "x": -25506.68181140446,
      "y": 88,
      "z": 24959.459623487503,
      "rotx": 24.844541549682617,
      "roty": 287.72576904296875,
      "rotz": 0,
      "world": "31616f93-be22-4cb6-be2a-ebd2f6b84e09"
    },
    "c1": {
      "x": -25551.569869710118,
      "y": 64,
      "z": 24863.370536990817,
      "rotx": 5.4300761222839355,
      "roty": 289.48309326171875,
      "rotz": 0,
      "world": "9b136376-e8fd-4b99-b8ee-43309e392cd1"
    }
  },
  "warnings": [],
  "notes": [],
  "powertools": {},
  "mail": []
}
