{
  "warps": {
    "main": {
      "cost": -1.0,
      "world": "a2699eeb-83d4-45e5-8d23-608f5722089d",
      "rotx": -10.20011043548584,
      "rotz": 0.0,
      "roty": -268.97698974609375,
      "x": -0.41801893225492526,
      "y": 4.0625,
      "z": 8.464269243709056
    },
    "shop": {
      "cost": -1.0,
      "world": "a2699eeb-83d4-45e5-8d23-608f5722089d",
      "rotx": -13.800114631652832,
      "rotz": 0.0,
      "roty": -87.47683715820312,
      "x": 12.960157882561521,
      "y": 4.0625,
      "z": 9.533641548044217
    }
  },
  "warpCategories": {}
}
