{
  "version": 2,
  "jailOnNextLogin": false,
  "fly": false,
  "vanish": false,
  "lastKnownName": "KokeTengri",
  "lastLogin": 1579416398659,
  "lastLogout": 1579418277685,
  "lastIP": "/110.152.141.14",
  "firstJoin": 1579072802045,
  "startedFirstJoin": false,
  "isFrozen": false,
  "invulnerable": false,
  "lastLocation": {
    "x": -25522.90339984179,
    "y": 66.76636799395752,
    "z": 24898.13112405512,
    "rotx": 0.0,
    "roty": 0.0,
    "rotz": 0.0,
    "world": "9b136376-e8fd-4b99-b8ee-43309e392cd1"
  },
  "homes": {
    "yi": {
      "x": -25507.44000726603,
      "y": 92.0,
      "z": 24838.81839589918,
      "rotx": 89.55000305175781,
      "roty": 3.2963738441467285,
      "rotz": 0.0,
      "world": "31616f93-be22-4cb6-be2a-ebd2f6b84e09"
    },
    "yj": {
      "x": 26745.73194691781,
      "y": 12.0,
      "z": 24316.506752912283,
      "rotx": 19.800024032592773,
      "roty": 278.6918029785156,
      "rotz": 0.0,
      "world": "9b136376-e8fd-4b99-b8ee-43309e392cd1"
    },
    "kkhome": {
      "x": -25519.761023532326,
      "y": 63.0,
      "z": 24907.060599577053,
      "rotx": 4.500004291534424,
      "roty": -87.754150390625,
      "rotz": 0.0,
      "world": "9b136376-e8fd-4b99-b8ee-43309e392cd1"
    },
    "slm": {
      "x": -25516.91955532123,
      "y": 88.0,
      "z": 24962.634930930537,
      "rotx": 16.94997787475586,
      "roty": -68.8537826538086,
      "rotz": 0.0,
      "world": "31616f93-be22-4cb6-be2a-ebd2f6b84e09"
    },
    "zw": {
      "x": -25549.316908912366,
      "y": 162.0,
      "z": 24929.69999998808,
      "rotx": 8.700019836425781,
      "roty": 179.99349975585938,
      "rotz": 0.0,
      "world": "9b136376-e8fd-4b99-b8ee-43309e392cd1"
    },
    "jia": {
      "x": -10102.85321274476,
      "y": 68.0,
      "z": -21653.523438639004,
      "rotx": 18.449703216552734,
      "roty": 175.50640869140625,
      "rotz": 0.0,
      "world": "9b136376-e8fd-4b99-b8ee-43309e392cd1"
    },
    "fm": {
      "x": 21516.17309634396,
      "y": 65.0,
      "z": -23392.34626497674,
      "rotx": 10.799981117248535,
      "roty": 351.59130859375,
      "rotz": 0.0,
      "world": "9b136376-e8fd-4b99-b8ee-43309e392cd1"
    },
    "kuang": {
      "x": -112.31244864605614,
      "y": 11.0,
      "z": 104.6193185251965,
      "rotx": 1.6498959064483643,
      "roty": -91.35521697998047,
      "rotz": 0.0,
      "world": "9b136376-e8fd-4b99-b8ee-43309e392cd1"
    }
  },
  "ignoreList": [],
  "warnings": [],
  "notes": [],
  "mail": []
}
